id,username,email,created_at
1,demo_user_one,demo_user_one@example.com,2024-02-13 02:21:59
2,foresttrail46,foresttrail46.2@relay.cloud,2024-01-30 16:53:12
3,youngdelta56,youngdelta56.3@relay.cloud,2024-03-12 00:48:31
4,tidytrail30,tidytrail30.4@opswise.net,2025-04-26 18:59:41
5,jadevalley29,jadevalley29.5@example.com,2025-07-16 20:47:48
6,keenengine16,keenengine16.6@opswise.net,2024-01-05 22:25:42
7,warmtrail08,warmtrail08.7@example.com,2025-08-06 20:06:15
8,quietwindow46,quietwindow46.8@example.com,2024-08-02 02:38:25
9,forestharvest71,forestharvest71.9@relay.cloud,2025-10-30 07:38:56
10,calmengine92,calmengine92.10@seeded.app,2024-01-09 17:43:56
11,harborbeacon29,harborbeacon29.11@seeded.app,2025-11-04 02:02:46
12,ivorydelta09,ivorydelta09.12@acme.dev,2025-03-27 14:41:30
13,silverzenith62,silverzenith62.13@relay.cloud,2025-04-19 16:31:37
14,vividvalley12,vividvalley12.14@opswise.net,2025-06-22 09:48:08
15,ivoryengine18,ivoryengine18.15@acme.dev,2024-07-02 01:06:05
16,mellowtrail54,mellowtrail54.16@acme.dev,2024-01-12 02:17:15
17,keenengine60,keenengine60.17@hackstack.io,2025-10-30 17:18:14
18,jadequartz66,jadequartz66.18@relay.cloud,2024-08-10 17:29:06
19,keencanyon06,keencanyon06.19@opswise.net,2025-11-05 03:07:11
20,silverzenith21,silverzenith21.20@acme.dev,2024-02-16 03:49:13
21,jadequartz61,jadequartz61.21@example.com,2024-04-03 03:53:08
22,quietzenith60,quietzenith60.22@seeded.app,2025-01-07 02:19:45
23,quietfield02,quietfield02.23@opswise.net,2025-07-04 11:36:56
24,rapidriver21,rapidriver21.24@seeded.app,2025-09-28 07:39:38
25,calmvalley50,calmvalley50.25@opswise.net,2024-03-29 14:41:31
26,opalkernel32,opalkernel32.26@seeded.app,2024-09-26 05:09:55
27,rapidorbit13,rapidorbit13.27@relay.cloud,2024-07-10 06:13:52
28,amberzenith39,amberzenith39.28@example.com,2025-09-24 08:06:38
29,navynetwork34,navynetwork34.29@example.com,2025-07-14 14:38:08
30,silverzenith88,silverzenith88.30@hackstack.io,2024-11-03 08:32:19
31,tidykernel31,tidykernel31.31@relay.cloud,2024-11-07 13:07:20
32,brisknetwork87,brisknetwork87.32@hackstack.io,2024-12-25 03:13:13
33,quiettrail72,quiettrail72.33@example.com,2025-03-09 02:32:27
34,briskzenith78,briskzenith78.34@relay.cloud,2024-08-13 12:55:15
35,opalbeacon29,opalbeacon29.35@acme.dev,2024-08-08 08:33:54
36,urbanlagoon84,urbanlagoon84.36@acme.dev,2024-05-28 08:35:42
37,livelyanchor85,livelyanchor85.37@example.com,2024-05-09 06:10:27
38,dawnbeacon60,dawnbeacon60.38@example.com,2025-04-04 18:29:54
39,quietuplink82,quietuplink82.39@opswise.net,2024-01-27 05:54:12
40,vividorbit25,vividorbit25.40@opswise.net,2024-04-25 00:59:07
41,amberharvest90,amberharvest90.41@relay.cloud,2025-11-12 10:59:16
42,warmbeacon61,warmbeacon61.42@acme.dev,2025-10-03 22:53:12
43,ivorymeadow29,ivorymeadow29.43@seeded.app,2025-06-04 23:48:33
44,amberjourney28,amberjourney28.44@relay.cloud,2025-08-11 21:50:35
45,dawnzenith29,dawnzenith29.45@example.com,2024-11-25 14:34:54
46,quietfield01,quietfield01.46@seeded.app,2024-05-15 20:36:41
47,quietbeacon95,quietbeacon95.47@seeded.app,2024-08-24 05:42:29
48,keenorbit56,keenorbit56.48@opswise.net,2024-12-30 11:39:10
49,mellowlagoon34,mellowlagoon34.49@seeded.app,2025-05-06 16:47:43
50,forestanchor17,forestanchor17.50@example.com,2024-10-31 14:31:28
51,jadepioneer79,jadepioneer79.51@relay.cloud,2024-07-19 05:32:08
52,forestriver53,forestriver53.52@relay.cloud,2025-12-16 03:26:45
53,youngpioneer58,youngpioneer58.53@relay.cloud,2025-11-08 07:42:11
54,jadeisland80,jadeisland80.54@example.com,2025-05-27 17:46:43
55,embergarden43,embergarden43.55@acme.dev,2025-02-15 00:36:40
56,forestjourney55,forestjourney55.56@seeded.app,2024-07-28 07:26:54
57,clearuplink86,clearuplink86.57@opswise.net,2024-01-06 23:30:56
58,cleardelta45,cleardelta45.58@opswise.net,2024-07-26 07:21:40
59,goldyard12,goldyard12.59@opswise.net,2025-10-16 09:42:31
60,urbanmeadow38,urbanmeadow38.60@opswise.net,2025-06-29 05:12:43
61,dawnfield21,dawnfield21.61@relay.cloud,2025-06-15 17:08:23
62,silvertrail78,silvertrail78.62@acme.dev,2025-04-24 03:49:02
63,rapidanchor62,rapidanchor62.63@acme.dev,2025-02-08 19:13:36
64,ambertrail22,ambertrail22.64@opswise.net,2024-04-09 05:48:45
65,urbanwindow31,urbanwindow31.65@opswise.net,2025-07-14 07:16:25
66,calmtrail83,calmtrail83.66@example.com,2025-09-09 00:29:41
67,urbannetwork72,urbannetwork72.67@opswise.net,2024-04-10 09:19:17
68,tidylagoon43,tidylagoon43.68@hackstack.io,2024-12-01 07:10:54
69,calmbeacon63,calmbeacon63.69@hackstack.io,2024-05-30 06:16:56
70,dawnkernel92,dawnkernel92.70@acme.dev,2024-01-26 19:30:56
71,goldfield55,goldfield55.71@acme.dev,2025-05-05 08:47:52
72,vividdelta32,vividdelta32.72@acme.dev,2024-11-28 10:34:25
73,ivoryvalley49,ivoryvalley49.73@seeded.app,2025-06-01 08:47:47
74,jadevalley54,jadevalley54.74@relay.cloud,2025-07-19 03:16:23
75,keenjourney40,keenjourney40.75@hackstack.io,2025-07-03 12:18:32
76,livelyorbit71,livelyorbit71.76@hackstack.io,2024-10-04 02:02:16
77,jadeanchor15,jadeanchor15.77@acme.dev,2024-04-08 14:34:16
78,urbancanyon31,urbancanyon31.78@relay.cloud,2024-12-12 17:16:45
79,navyyard09,navyyard09.79@seeded.app,2025-04-27 21:31:32
80,jadewindow42,jadewindow42.80@seeded.app,2025-10-02 21:56:31
81,youngorbit17,youngorbit17.81@example.com,2024-05-16 00:18:28
82,navyengine48,navyengine48.82@seeded.app,2025-10-23 22:38:21
83,ambernetwork97,ambernetwork97.83@relay.cloud,2024-07-04 04:36:37
84,youngkernel37,youngkernel37.84@hackstack.io,2024-05-10 17:44:58
85,quietcanyon58,quietcanyon58.85@example.com,2025-07-06 05:14:13
86,calmbeacon15,calmbeacon15.86@relay.cloud,2024-04-23 15:09:42
87,dawnyard75,dawnyard75.87@example.com,2025-12-19 09:06:01
88,cobaltriver80,cobaltriver80.88@hackstack.io,2025-05-17 10:29:55
89,jadekernel74,jadekernel74.89@example.com,2024-10-13 17:14:15
90,navyjourney54,navyjourney54.90@example.com,2025-09-09 10:01:33
91,harborbeacon45,harborbeacon45.91@example.com,2025-01-18 18:26:56
92,rapidlagoon41,rapidlagoon41.92@acme.dev,2024-05-09 02:57:38
93,quietlagoon94,quietlagoon94.93@relay.cloud,2025-09-03 09:15:43
94,keenorbit23,keenorbit23.94@opswise.net,2025-04-20 18:35:38
95,briskengine04,briskengine04.95@acme.dev,2024-09-15 18:30:26
96,quietsignal58,quietsignal58.96@opswise.net,2025-02-13 01:28:18
97,goldgarden15,goldgarden15.97@hackstack.io,2025-07-10 16:20:48
98,urbanjourney23,urbanjourney23.98@opswise.net,2024-09-24 04:36:01
99,goldzenith41,goldzenith41.99@opswise.net,2025-01-07 01:45:26
100,forestriver82,forestriver82.100@opswise.net,2024-03-22 21:06:29
101,harborgarden63,harborgarden63.101@example.com,2025-06-08 08:45:56
102,silverisland48,silverisland48.102@seeded.app,2024-10-03 12:08:45
103,emberbeacon22,emberbeacon22.103@relay.cloud,2025-01-14 23:13:57
104,vividharvest73,vividharvest73.104@example.com,2025-05-21 18:33:44
105,silverdelta36,silverdelta36.105@opswise.net,2025-12-05 22:45:14
106,mellownetwork79,mellownetwork79.106@relay.cloud,2025-05-04 23:20:38
107,cobaltisland08,cobaltisland08.107@hackstack.io,2025-05-25 03:19:43
108,navyuplink60,navyuplink60.108@example.com,2025-09-01 07:20:30
109,quietlagoon60,quietlagoon60.109@acme.dev,2025-06-26 17:30:12
110,cobaltorbit39,cobaltorbit39.110@example.com,2025-01-31 18:48:31
111,clearkernel75,clearkernel75.111@hackstack.io,2025-12-26 18:36:33
112,keenquartz22,keenquartz22.112@relay.cloud,2026-01-17 16:58:30
113,proudkernel19,proudkernel19.113@seeded.app,2025-04-21 05:59:16
114,opalengine71,opalengine71.114@seeded.app,2024-05-31 03:26:06
115,rapidvalley50,rapidvalley50.115@example.com,2024-06-15 01:12:11
116,dawnanchor83,dawnanchor83.116@hackstack.io,2026-01-03 21:13:06
117,ivoryuplink36,ivoryuplink36.117@seeded.app,2026-01-27 12:55:23
118,jadefield00,jadefield00.118@example.com,2025-01-11 22:50:07
119,navycanyon30,navycanyon30.119@seeded.app,2024-08-20 02:55:45
120,jadebeacon75,jadebeacon75.120@relay.cloud,2025-09-03 22:07:28
121,ivorymeadow33,ivorymeadow33.121@hackstack.io,2026-01-01 17:59:21
122,urbannetwork68,urbannetwork68.122@seeded.app,2025-05-22 18:35:09
123,keenyard89,keenyard89.123@acme.dev,2025-04-27 02:11:52
124,calmkernel21,calmkernel21.124@example.com,2025-11-12 13:18:07
125,proudcanyon52,proudcanyon52.125@opswise.net,2024-11-15 16:34:31
126,tidykernel36,tidykernel36.126@hackstack.io,2025-04-07 13:54:20
127,briskmeadow34,briskmeadow34.127@hackstack.io,2024-08-13 23:12:11
128,dawntrail92,dawntrail92.128@example.com,2025-02-22 11:55:00
129,rapidorbit91,rapidorbit91.129@relay.cloud,2025-05-16 07:02:25
130,emberisland41,emberisland41.130@example.com,2024-07-21 20:27:01
131,warmengine21,warmengine21.131@seeded.app,2025-05-13 13:02:16
132,quietisland85,quietisland85.132@hackstack.io,2025-07-31 15:28:22
133,keenharvest21,keenharvest21.133@acme.dev,2024-02-10 20:50:29
134,amberharvest40,amberharvest40.134@acme.dev,2026-01-23 14:08:37
135,cobaltorbit84,cobaltorbit84.135@acme.dev,2024-12-03 20:33:50
136,clearharvest30,clearharvest30.136@hackstack.io,2024-09-24 13:01:14
137,cobaltpioneer53,cobaltpioneer53.137@acme.dev,2026-01-05 06:01:43
138,keenwindow39,keenwindow39.138@hackstack.io,2025-09-04 08:46:18
139,proudbeacon21,proudbeacon21.139@seeded.app,2025-03-25 03:37:45
140,calmmeadow43,calmmeadow43.140@seeded.app,2025-09-03 00:35:22
141,vividjourney74,vividjourney74.141@hackstack.io,2024-11-11 02:17:57
142,jadefield06,jadefield06.142@hackstack.io,2024-08-28 22:04:06
143,vividengine57,vividengine57.143@example.com,2025-10-15 13:34:51
144,emberorbit99,emberorbit99.144@seeded.app,2026-01-13 00:50:42
145,livelysignal00,livelysignal00.145@relay.cloud,2025-11-17 20:53:48
146,keennetwork15,keennetwork15.146@seeded.app,2024-09-10 02:38:28
147,livelyuplink12,livelyuplink12.147@seeded.app,2025-02-15 13:48:42
148,calmvalley08,calmvalley08.148@opswise.net,2024-09-22 16:44:37
149,rapidyard80,rapidyard80.149@acme.dev,2024-05-29 07:08:50
150,silvernetwork67,silvernetwork67.150@seeded.app,2024-12-13 05:46:43
151,jadebeacon05,jadebeacon05.151@acme.dev,2025-11-02 08:50:00
152,ivorygarden89,ivorygarden89.152@acme.dev,2024-03-24 12:27:08
153,forestmeadow47,forestmeadow47.153@relay.cloud,2025-09-22 22:52:01
154,ivorylagoon57,ivorylagoon57.154@opswise.net,2024-01-18 05:07:58
155,tidygarden59,tidygarden59.155@acme.dev,2025-04-20 23:37:51
156,harborzenith48,harborzenith48.156@relay.cloud,2024-02-19 03:55:39
157,vividquartz43,vividquartz43.157@hackstack.io,2025-11-29 04:33:55
158,keengarden95,keengarden95.158@example.com,2025-07-06 20:34:42
159,forestvalley61,forestvalley61.159@example.com,2024-03-03 13:40:28
160,dawnlagoon86,dawnlagoon86.160@example.com,2026-01-16 12:56:22
161,opalquartz20,opalquartz20.161@seeded.app,2024-05-22 04:00:53
162,clearquartz94,clearquartz94.162@example.com,2024-03-26 07:53:47
163,emberjourney51,emberjourney51.163@relay.cloud,2025-08-20 14:11:40
164,rapidjourney22,rapidjourney22.164@relay.cloud,2025-07-31 22:41:29
165,warmjourney85,warmjourney85.165@seeded.app,2025-08-28 01:28:13
166,livelyjourney47,livelyjourney47.166@example.com,2024-11-26 17:59:04
167,dawnriver88,dawnriver88.167@example.com,2024-02-13 15:12:50
168,briskvalley61,briskvalley61.168@relay.cloud,2025-05-07 18:34:39
169,harborharvest69,harborharvest69.169@hackstack.io,2025-11-30 18:51:06
170,warmkernel44,warmkernel44.170@opswise.net,2025-12-29 04:24:18
171,cobaltgarden73,cobaltgarden73.171@acme.dev,2024-04-15 14:10:18
172,tidysignal10,tidysignal10.172@opswise.net,2024-09-07 00:18:30
173,vividuplink39,vividuplink39.173@example.com,2024-01-29 10:15:17
174,opalzenith53,opalzenith53.174@seeded.app,2025-07-20 11:26:23
175,keendelta68,keendelta68.175@relay.cloud,2025-11-27 00:52:55
176,calmanchor46,calmanchor46.176@hackstack.io,2025-01-21 11:01:46
177,keencanyon98,keencanyon98.177@seeded.app,2024-09-19 03:36:11
178,warmgarden32,warmgarden32.178@opswise.net,2025-08-05 05:51:09
179,livelyanchor07,livelyanchor07.179@example.com,2026-01-31 22:38:16
180,quietnetwork48,quietnetwork48.180@relay.cloud,2024-11-20 19:19:35
181,jadequartz33,jadequartz33.181@example.com,2025-08-07 18:18:39
182,quietmeadow01,quietmeadow01.182@relay.cloud,2025-12-11 13:02:51
183,urbanuplink17,urbanuplink17.183@acme.dev,2024-08-01 23:42:16
184,forestyard65,forestyard65.184@opswise.net,2025-05-19 10:17:38
185,ivoryisland46,ivoryisland46.185@opswise.net,2024-02-21 11:08:01
186,dawnmeadow67,dawnmeadow67.186@example.com,2025-03-02 16:19:52
187,proudvalley88,proudvalley88.187@example.com,2025-07-01 20:47:29
188,amberisland95,amberisland95.188@acme.dev,2025-09-02 10:32:44
189,livelygarden46,livelygarden46.189@example.com,2024-06-08 03:01:31
190,quietharvest69,quietharvest69.190@example.com,2024-01-10 23:12:45
191,goldisland32,goldisland32.191@acme.dev,2025-05-18 12:50:17
192,proudharvest33,proudharvest33.192@seeded.app,2024-11-01 18:29:07
193,cobaltcanyon06,cobaltcanyon06.193@opswise.net,2025-08-22 19:28:59
194,tidyanchor32,tidyanchor32.194@example.com,2024-03-15 00:44:17
195,cobaltgarden69,cobaltgarden69.195@hackstack.io,2024-04-02 07:14:50
196,mellowjourney48,mellowjourney48.196@relay.cloud,2024-10-17 23:07:39
197,tidyquartz25,tidyquartz25.197@example.com,2024-11-01 09:27:21
198,keenengine43,keenengine43.198@seeded.app,2024-05-23 12:34:28
199,dawnbeacon70,dawnbeacon70.199@seeded.app,2025-12-22 13:19:08
200,fallback_user_200,fallback_user_200@example.com,2024-06-26 20:53:14
201,ivorybeacon51,ivorybeacon51.201@opswise.net,2025-11-06 13:42:57
202,jadenetwork22,jadenetwork22.202@example.com,2025-11-10 06:17:04
203,youngdelta49,youngdelta49.203@acme.dev,2024-03-21 08:25:32
204,briskriver07,briskriver07.204@acme.dev,2025-09-30 08:39:34
205,proudyard96,proudyard96.205@example.com,2024-05-03 19:14:48
206,proudjourney14,proudjourney14.206@hackstack.io,2025-09-14 02:40:18
207,opaljourney51,opaljourney51.207@relay.cloud,2024-09-26 18:59:43
208,amberkernel40,amberkernel40.208@opswise.net,2024-02-16 06:39:50
209,youngsignal90,youngsignal90.209@seeded.app,2026-01-26 08:43:24
210,rapidharvest82,rapidharvest82.210@hackstack.io,2025-11-05 13:38:32
211,rapiddelta49,rapiddelta49.211@hackstack.io,2024-02-25 22:03:52
212,silvernetwork76,silvernetwork76.212@acme.dev,2024-06-13 23:51:02
213,ivorywindow85,ivorywindow85.213@relay.cloud,2024-02-26 19:32:08
214,proudcanyon93,proudcanyon93.214@acme.dev,2024-09-26 17:55:28
215,clearcanyon34,clearcanyon34.215@example.com,2024-01-10 11:13:09
216,livelyorbit27,livelyorbit27.216@relay.cloud,2025-12-01 20:49:34
217,livelycanyon42,livelycanyon42.217@seeded.app,2025-10-06 17:43:40
218,proudengine35,proudengine35.218@opswise.net,2024-12-05 03:24:35
219,rapidmeadow31,rapidmeadow31.219@seeded.app,2024-03-31 05:44:29
220,urbantrail31,urbantrail31.220@opswise.net,2025-02-19 20:17:36
221,ivoryzenith79,ivoryzenith79.221@example.com,2024-04-04 04:09:28
222,silvertrail38,silvertrail38.222@seeded.app,2025-03-31 04:43:46
223,jadeuplink07,jadeuplink07.223@seeded.app,2024-07-14 03:13:54
224,harborpioneer77,harborpioneer77.224@example.com,2024-09-01 17:51:21
225,calmharvest76,calmharvest76.225@acme.dev,2024-08-20 15:01:59
226,quietdelta82,quietdelta82.226@example.com,2024-12-16 22:11:39
227,vividbeacon06,vividbeacon06.227@seeded.app,2024-07-25 15:35:54
228,youngorbit41,youngorbit41.228@opswise.net,2024-08-15 14:02:03
229,livelyvalley89,livelyvalley89.229@acme.dev,2025-04-09 22:09:10
230,opalfield89,opalfield89.230@acme.dev,2024-07-05 00:10:50
231,youngcanyon18,youngcanyon18.231@relay.cloud,2025-01-18 23:48:10
232,tidyanchor90,tidyanchor90.232@acme.dev,2025-01-07 11:12:14
233,goldfield77,goldfield77.233@opswise.net,2024-08-23 04:17:00
234,youngdelta55,youngdelta55.234@hackstack.io,2024-08-23 09:40:22
235,quietquartz47,quietquartz47.235@opswise.net,2024-11-24 00:42:36
236,livelyfield25,livelyfield25.236@hackstack.io,2024-06-12 12:34:07
237,keencanyon52,keencanyon52.237@example.com,2024-11-08 06:22:38
238,vividanchor77,vividanchor77.238@example.com,2024-03-12 14:04:20
239,goldfield23,goldfield23.239@acme.dev,2025-07-18 02:01:33
240,rapidzenith75,rapidzenith75.240@hackstack.io,2025-01-16 17:14:18
241,rapidnetwork93,rapidnetwork93.241@acme.dev,2025-10-13 07:34:43
242,forestmeadow05,forestmeadow05.242@hackstack.io,2024-04-30 19:00:37
243,keensignal53,keensignal53.243@example.com,2025-02-26 06:04:40
244,goldriver23,goldriver23.244@relay.cloud,2025-07-28 13:27:25
245,quietwindow50,quietwindow50.245@relay.cloud,2026-01-22 02:46:16
246,warmriver69,warmriver69.246@example.com,2024-09-08 15:28:20
247,harborkernel74,harborkernel74.247@example.com,2024-06-09 10:18:13
248,goldwindow38,goldwindow38.248@hackstack.io,2025-10-05 18:45:33
249,cobaltuplink79,cobaltuplink79.249@opswise.net,2024-01-04 20:20:42
250,silverkernel91,silverkernel91.250@hackstack.io,2026-01-15 02:17:12
251,ivoryharvest16,ivoryharvest16.251@acme.dev,2025-12-26 20:56:39
252,quietlagoon30,quietlagoon30.252@seeded.app,2025-06-14 11:46:53
253,goldpioneer48,goldpioneer48.253@example.com,2025-07-17 22:06:19
254,proudlagoon87,proudlagoon87.254@acme.dev,2024-04-13 13:49:53
255,proudpioneer37,proudpioneer37.255@seeded.app,2024-11-03 18:13:16
256,silverkernel21,silverkernel21.256@example.com,2025-07-31 10:52:00
257,tidyengine58,tidyengine58.257@example.com,2025-10-03 05:02:06
258,youngorbit77,youngorbit77.258@opswise.net,2024-09-07 15:01:31
259,opaluplink14,opaluplink14.259@hackstack.io,2025-06-22 00:11:02
260,keenbeacon19,keenbeacon19.260@opswise.net,2024-02-11 22:56:13
261,ivoryvalley26,ivoryvalley26.261@seeded.app,2024-05-11 09:36:34
262,livelylagoon97,livelylagoon97.262@opswise.net,2024-03-15 05:46:33
263,vividzenith50,vividzenith50.263@opswise.net,2025-05-05 06:39:18
264,briskuplink45,briskuplink45.264@relay.cloud,2024-08-11 02:39:43
265,quietwindow85,quietwindow85.265@hackstack.io,2025-07-26 20:26:55
266,tidysignal33,tidysignal33.266@hackstack.io,2024-05-09 05:48:11
267,amberquartz30,amberquartz30.267@opswise.net,2025-11-30 19:19:17
268,proudsignal93,proudsignal93.268@acme.dev,2024-10-12 15:23:10
269,quietharvest80,quietharvest80.269@hackstack.io,2025-02-04 09:21:27
270,silversignal90,silversignal90.270@seeded.app,2024-02-04 22:55:09
271,clearbeacon55,clearbeacon55.271@hackstack.io,2025-04-17 23:23:11
272,cobaltmeadow41,cobaltmeadow41.272@opswise.net,2024-02-05 07:20:58
273,vividpioneer63,vividpioneer63.273@seeded.app,2025-07-24 11:51:11
274,mellowgarden61,mellowgarden61.274@hackstack.io,2024-11-12 19:41:03
275,emberengine69,emberengine69.275@relay.cloud,2026-01-08 02:01:19
276,livelycanyon69,livelycanyon69.276@opswise.net,2024-05-05 19:50:50
277,urbandelta03,urbandelta03.277@opswise.net,2024-08-23 17:14:34
278,livelyanchor77,livelyanchor77.278@hackstack.io,2024-03-20 09:42:21
279,tidylagoon25,tidylagoon25.279@opswise.net,2026-01-21 19:40:31
280,cobaltmeadow48,cobaltmeadow48.280@acme.dev,2025-10-01 06:07:12
281,vividzenith11,vividzenith11.281@hackstack.io,2024-05-25 11:51:29
282,dawnnetwork75,dawnnetwork75.282@example.com,2024-09-13 07:24:36
283,goldgarden85,goldgarden85.283@opswise.net,2026-01-06 18:08:11
284,proudfield92,proudfield92.284@opswise.net,2025-05-23 06:45:35
285,livelysignal20,livelysignal20.285@opswise.net,2026-01-13 13:47:18
286,ivoryjourney91,ivoryjourney91.286@hackstack.io,2025-03-19 15:33:08
287,silverbeacon36,silverbeacon36.287@opswise.net,2025-02-27 13:42:29
288,tidyengine62,tidyengine62.288@seeded.app,2024-12-15 12:40:54
289,keenanchor33,keenanchor33.289@relay.cloud,2025-02-23 14:54:45
290,goldjourney54,goldjourney54.290@hackstack.io,2024-02-04 19:01:30
291,quietharvest89,quietharvest89.291@opswise.net,2025-07-31 18:14:15
292,mellowtrail55,mellowtrail55.292@example.com,2024-05-12 12:56:12
293,younganchor08,younganchor08.293@opswise.net,2025-08-07 18:25:47
294,cobaltvalley88,cobaltvalley88.294@example.com,2024-10-16 19:06:01
295,quietmeadow16,quietmeadow16.295@example.com,2024-11-13 10:45:12
296,navyyard32,navyyard32.296@relay.cloud,2025-05-20 15:02:32
297,tidyorbit78,tidyorbit78.297@seeded.app,2025-02-06 22:38:35
298,warmnetwork62,warmnetwork62.298@acme.dev,2025-05-21 18:30:49
299,tidygarden98,tidygarden98.299@hackstack.io,2025-07-25 03:33:04
300,briskkernel10,briskkernel10.300@seeded.app,2024-07-31 02:04:10
301,youngmeadow31,youngmeadow31.301@seeded.app,2024-09-02 08:22:55
302,calmlagoon18,calmlagoon18.302@acme.dev,2025-08-06 11:06:54
303,jadekernel42,jadekernel42.303@relay.cloud,2025-07-28 05:44:09
304,goldnetwork34,goldnetwork34.304@hackstack.io,2025-10-02 08:49:59
305,cobaltuplink41,cobaltuplink41.305@example.com,2025-10-08 04:48:46
306,goldjourney84,goldjourney84.306@seeded.app,2024-04-29 08:13:29
307,briskorbit32,briskorbit32.307@seeded.app,2024-07-23 06:32:39
308,youngvalley98,youngvalley98.308@seeded.app,2024-11-11 15:24:45
309,briskisland04,briskisland04.309@acme.dev,2024-08-21 10:28:51
310,mellowjourney11,mellowjourney11.310@relay.cloud,2025-11-27 00:57:52
311,goldbeacon21,goldbeacon21.311@acme.dev,2024-11-25 10:36:38
312,navypioneer21,navypioneer21.312@acme.dev,2025-02-12 04:30:51
313,briskharvest76,briskharvest76.313@opswise.net,2025-08-19 18:30:15
314,keendelta09,keendelta09.314@example.com,2024-09-30 16:24:49
315,vividengine81,vividengine81.315@opswise.net,2025-06-21 16:58:16
316,calmengine84,calmengine84.316@seeded.app,2024-09-10 09:50:19
317,silverlagoon05,silverlagoon05.317@acme.dev,2024-02-10 12:41:11
318,emberisland95,emberisland95.318@opswise.net,2025-11-25 01:51:04
319,vividzenith72,vividzenith72.319@seeded.app,2025-07-08 00:57:42
320,silverbeacon28,silverbeacon28.320@hackstack.io,2025-07-24 23:39:42
321,rapidisland12,rapidisland12.321@opswise.net,2025-06-25 12:11:35
322,vividisland40,vividisland40.322@acme.dev,2024-03-08 08:28:32
323,tidyriver11,tidyriver11.323@example.com,2024-07-21 23:52:15
324,navyanchor33,navyanchor33.324@acme.dev,2025-06-24 03:30:08
325,livelytrail89,livelytrail89.325@acme.dev,2024-04-12 00:57:24
326,ambersignal91,ambersignal91.326@opswise.net,2024-11-17 14:48:29
327,cobaltdelta48,cobaltdelta48.327@opswise.net,2025-04-22 05:24:11
328,urbanyard19,urbanyard19.328@acme.dev,2025-03-30 22:53:28
329,forestmeadow59,forestmeadow59.329@relay.cloud,2025-03-23 04:49:28
330,goldisland28,goldisland28.330@seeded.app,2025-12-16 06:30:25
331,proudvalley12,proudvalley12.331@example.com,2025-12-07 10:11:18
332,clearengine52,clearengine52.332@acme.dev,2025-11-14 14:30:33
333,ambervalley53,ambervalley53.333@opswise.net,2024-06-15 16:29:31
334,harborgarden53,harborgarden53.334@seeded.app,2025-11-08 23:57:22
335,proudjourney20,proudjourney20.335@relay.cloud,2025-06-04 10:03:01
336,cobaltzenith60,cobaltzenith60.336@example.com,2025-09-03 15:52:42
337,quietnetwork77,quietnetwork77.337@relay.cloud,2024-03-10 22:09:32
338,amberquartz59,amberquartz59.338@acme.dev,2024-12-29 19:41:00
339,dawndelta83,dawndelta83.339@relay.cloud,2025-11-23 22:29:20
340,rapidcanyon91,rapidcanyon91.340@example.com,2025-11-15 11:26:19
341,dawnisland70,dawnisland70.341@opswise.net,2024-08-12 08:39:28
342,tidyjourney80,tidyjourney80.342@acme.dev,2024-04-16 01:12:11
343,goldsignal31,goldsignal31.343@acme.dev,2025-11-08 08:05:46
344,emberisland41,emberisland41.344@opswise.net,2025-04-01 15:30:37
345,youngdelta21,youngdelta21.345@acme.dev,2024-05-10 22:21:20
346,silverdelta24,silverdelta24.346@opswise.net,2024-04-02 19:25:28
347,cobaltbeacon33,cobaltbeacon33.347@seeded.app,2025-11-13 17:21:08
348,ivorypioneer01,ivorypioneer01.348@relay.cloud,2024-12-13 11:49:08
349,quietisland32,quietisland32.349@opswise.net,2024-11-12 22:29:53
350,harbornetwork44,harbornetwork44.350@hackstack.io,2024-05-02 02:27:19
351,harbortrail17,harbortrail17.351@hackstack.io,2026-01-06 11:13:46
352,vividorbit09,vividorbit09.352@opswise.net,2024-02-16 09:55:48
353,opalsignal68,opalsignal68.353@opswise.net,2025-01-21 21:40:02
354,livelyjourney59,livelyjourney59.354@seeded.app,2025-10-29 04:20:49
355,cobaltbeacon84,cobaltbeacon84.355@hackstack.io,2024-10-27 02:47:42
356,youngmeadow76,youngmeadow76.356@relay.cloud,2025-02-18 16:10:18
357,urbanuplink81,urbanuplink81.357@opswise.net,2024-03-09 00:24:46
358,dawntrail56,dawntrail56.358@hackstack.io,2024-12-28 22:01:58
359,calmnetwork74,calmnetwork74.359@example.com,2024-07-16 10:47:32
360,briskmeadow62,briskmeadow62.360@acme.dev,2024-10-23 06:15:29
361,cobaltanchor80,cobaltanchor80.361@hackstack.io,2024-06-04 13:51:56
362,emberdelta86,emberdelta86.362@acme.dev,2025-10-20 18:55:51
363,vividwindow02,vividwindow02.363@seeded.app,2024-04-02 13:55:29
364,tidyorbit04,tidyorbit04.364@opswise.net,2024-02-21 20:26:52
365,forestisland43,forestisland43.365@example.com,2024-10-22 21:19:55
366,forestcanyon44,forestcanyon44.366@seeded.app,2024-02-20 02:16:23
367,navyfield02,navyfield02.367@seeded.app,2025-12-20 13:41:44
368,dawnnetwork18,dawnnetwork18.368@hackstack.io,2025-10-31 09:21:30
369,ivoryvalley96,ivoryvalley96.369@opswise.net,2024-09-30 02:05:03
370,quietisland67,quietisland67.370@hackstack.io,2026-01-02 12:17:14
371,mellowharvest45,mellowharvest45.371@acme.dev,2025-04-22 08:05:34
372,clearriver91,clearriver91.372@relay.cloud,2026-01-21 19:43:56
373,silverengine06,silverengine06.373@example.com,2024-04-16 20:49:18
374,youngsignal10,youngsignal10.374@hackstack.io,2025-09-08 20:18:00
375,ivoryfield16,ivoryfield16.375@example.com,2024-02-23 21:22:34
376,emberwindow11,emberwindow11.376@relay.cloud,2025-02-02 02:25:07
377,silverbeacon92,silverbeacon92.377@example.com,2024-07-09 17:57:08
378,opalpioneer32,opalpioneer32.378@hackstack.io,2025-07-24 01:28:17
379,cobalttrail62,cobalttrail62.379@seeded.app,2025-05-02 15:27:43
380,keenbeacon88,keenbeacon88.380@relay.cloud,2025-11-24 08:07:10
381,emberdelta26,emberdelta26.381@seeded.app,2024-04-10 13:24:51
382,proudkernel69,proudkernel69.382@acme.dev,2025-02-25 17:37:45
383,briskharvest09,briskharvest09.383@acme.dev,2025-01-22 02:42:15
384,jadewindow04,jadewindow04.384@opswise.net,2024-05-01 17:29:42
385,clearcanyon93,clearcanyon93.385@example.com,2024-02-15 19:38:34
386,proudwindow86,proudwindow86.386@example.com,2025-12-04 05:35:00
387,rapidnetwork11,rapidnetwork11.387@example.com,2024-08-27 18:08:35
388,livelyjourney86,livelyjourney86.388@opswise.net,2024-07-06 18:05:10
389,cobaltcanyon76,cobaltcanyon76.389@relay.cloud,2026-01-03 02:40:13
390,briskgarden21,briskgarden21.390@seeded.app,2026-01-30 09:02:13
391,amberlagoon36,amberlagoon36.391@acme.dev,2025-02-24 07:28:18
392,urbanengine89,urbanengine89.392@seeded.app,2025-03-07 00:06:06
393,quiettrail13,quiettrail13.393@relay.cloud,2025-07-05 12:38:47
394,goldvalley35,goldvalley35.394@opswise.net,2024-08-29 18:13:01
395,warmfield67,warmfield67.395@example.com,2025-08-21 06:56:25
396,rapidvalley82,rapidvalley82.396@relay.cloud,2024-02-24 11:09:42
397,navyjourney35,navyjourney35.397@hackstack.io,2024-12-31 15:22:16
398,jadequartz52,jadequartz52.398@hackstack.io,2024-06-22 13:19:32
399,goldnetwork39,goldnetwork39.399@seeded.app,2026-01-26 23:48:36
400,vividriver70,vividriver70.400@acme.dev,2025-12-12 23:07:34
